create table attori(
    codAttore int primary key,
    nome varchar(40),
    annoNascita int,
    nazionalita varchar(20)
);

INSERT INTO attori (codattore, nome, annonascita, nazionalita) VALUES (15, 'Mitsuha Miyamizu', 1995, 'Giapponese');
INSERT INTO attori (codattore, nome, annonascita, nazionalita) VALUES (31, 'Brad Pitt', 1963, 'Statunitense');
INSERT INTO attori (codattore, nome, annonascita, nazionalita) VALUES (41, 'Liam Neeson', 1952, 'Nord-Irlandese');
INSERT INTO attori (codattore, nome, annonascita, nazionalita) VALUES (33, 'Guy Pearce', 1967, 'Statunitense');
INSERT INTO attori (codattore, nome, annonascita, nazionalita) VALUES (40, 'Benicio del Toro', 1967, 'Portoricano');
INSERT INTO attori (codattore, nome, annonascita, nazionalita) VALUES (32, 'John David Washington', 1984, 'Statunitense');
INSERT INTO attori (codattore, nome, annonascita, nazionalita) VALUES (50, 'Garrett Hedlund', 1984, 'Statunitense');
INSERT INTO attori (codattore, nome, annonascita, nazionalita) VALUES (53, 'Carrie-Anne Moss', 1967, 'Canadese');
INSERT INTO attori (codattore, nome, annonascita, nazionalita) VALUES (51, 'Christoph Waltz', 1956, 'Austriaco');
INSERT INTO attori (codattore, nome, annonascita, nazionalita) VALUES (38, 'Nicole Kidman', 1967, 'Australiana');
INSERT INTO attori (codattore, nome, annonascita, nazionalita) VALUES (80, 'Tachibana Taki', 1998, 'Giapponese');
INSERT INTO attori (codattore, nome, annonascita, nazionalita) VALUES (61, 'Ben Kingsley', 1943, 'Britannico');
INSERT INTO attori (codattore, nome, annonascita, nazionalita) VALUES (55, 'Leonardo DiCaprio', 1974, 'Statunitense');
INSERT INTO attori (codattore, nome, annonascita, nazionalita) VALUES (42, 'Alexander Skarsgard', 1976, 'Svedese');
INSERT INTO attori (codattore, nome, annonascita, nazionalita) VALUES (62, 'Anya Taylor-Joy', 1996, 'Statunitense');
INSERT INTO attori (codattore, nome, annonascita, nazionalita) VALUES (58, 'Stellan Skarsgård', 1951, 'Svedese');
INSERT INTO attori (codattore, nome, annonascita, nazionalita) VALUES (73, 'Uma Thurman', 1970, 'Statunitense');
INSERT INTO attori (codattore, nome, annonascita, nazionalita) VALUES (93, 'Michael Madsen', 1957, 'Statunitense');
INSERT INTO attori (codattore, nome, annonascita, nazionalita) VALUES (102, 'Tim Robbins', 1958, 'Statunitense');
INSERT INTO attori (codattore, nome, annonascita, nazionalita) VALUES (103, 'Morgan Freeman', 1937, 'Statunitense');
INSERT INTO attori (codattore, nome, annonascita, nazionalita) VALUES (29, 'Amy Adams', 1974, 'Statunitense');
INSERT INTO attori (codattore, nome, annonascita, nazionalita) VALUES (30, 'Jeff Bridges', 1949, 'Statunitense');
INSERT INTO attori (codattore, nome, annonascita, nazionalita) VALUES (35, 'Kate Winslet', 1975, 'Statunitense');
INSERT INTO attori (codattore, nome, annonascita, nazionalita) VALUES (39, 'Abbie Jacobson', 1984, 'Statunitense');
INSERT INTO attori (codattore, nome, annonascita, nazionalita) VALUES (45, ' Mark Hamill', 1951, 'Statunitense');
INSERT INTO attori (codattore, nome, annonascita, nazionalita) VALUES (48, 'Iván Massagué', 1976, 'Spagnola');
INSERT INTO attori (codattore, nome, annonascita, nazionalita) VALUES (49, 'Robert De Niro', 1943, 'Statunitense');
INSERT INTO attori (codattore, nome, annonascita, nazionalita) VALUES (52, 'Robert Pattinson', 1986, 'Statunitense');
INSERT INTO attori (codattore, nome, annonascita, nazionalita) VALUES (54, 'Edward Norton', 1969, 'Statunitense');
INSERT INTO attori (codattore, nome, annonascita, nazionalita) VALUES (56, 'Anne Hathaway', 1982, 'Statunitense');
INSERT INTO attori (codattore, nome, annonascita, nazionalita) VALUES (57, 'Pippo Rat', 1949, 'Statunitense');
INSERT INTO attori (codattore, nome, annonascita, nazionalita) VALUES (59, 'Danny McBride', 1976, 'Statunitense');
INSERT INTO attori (codattore, nome, annonascita, nazionalita) VALUES (65, 'Carrie Fisher', 1956, 'Statunitense');
INSERT INTO attori (codattore, nome, annonascita, nazionalita) VALUES (68, 'Zorion Egileor', 1946, 'Spagnola');
INSERT INTO attori (codattore, nome, annonascita, nazionalita) VALUES (100, 'Suraj Sharma', 1993, 'Indiana');
INSERT INTO attori (codattore, nome, annonascita, nazionalita) VALUES (101, 'Irrfan Khan', 1967, 'Indiana');
INSERT INTO attori (codattore, nome, annonascita, nazionalita) VALUES (37, 'Aldo Baglio', 1958, 'Italiana');
INSERT INTO attori (codattore, nome, annonascita, nazionalita) VALUES (104, 'Giacomo Poretti', 1956, 'Italiana');
INSERT INTO attori (codattore, nome, annonascita, nazionalita) VALUES (105, 'Giovanni Storti', 1957, 'Italiana');
INSERT INTO attori (codattore, nome, annonascita, nazionalita) VALUES (106, 'Sophia Loren', 1934, 'Italiana');
INSERT INTO attori (codattore, nome, annonascita, nazionalita) VALUES (107, 'Marcello Mastroianni', 1924, 'Italiana');
INSERT INTO attori (codattore, nome, annonascita, nazionalita) VALUES (108, 'Salvo Randone', 1906, 'Italiana');
INSERT INTO attori (codattore, nome, annonascita, nazionalita) VALUES (109, 'Martin Potter', 1944, 'Britannico');
INSERT INTO attori (codattore, nome, annonascita, nazionalita) VALUES (110, 'Freddie Jones', 1927, 'Britannico');
INSERT INTO attori (codattore, nome, annonascita, nazionalita) VALUES (113, 'Brunella Bovo', 1930, 'Italiana');
INSERT INTO attori (codattore, nome, annonascita, nazionalita) VALUES (114, 'Alberto Sordi', 1920, 'Italiana');
INSERT INTO attori (codattore, nome, annonascita, nazionalita) VALUES (115, 'Robin Williams', 1951, 'Statunitense');
INSERT INTO attori (codattore, nome, annonascita, nazionalita) VALUES (116, 'Vincent Cassel', 1966, 'Francese');
INSERT INTO attori (codattore, nome, annonascita, nazionalita) VALUES (117, 'Hubert Koundé', 1970, 'Francese');
INSERT INTO attori (codattore, nome, annonascita, nazionalita) VALUES (118, 'Daniel Auteuil', 1950, 'Francese');
INSERT INTO attori (codattore, nome, annonascita, nazionalita) VALUES (112, 'Balduin Baas', 1922, 'Tedesco');
INSERT INTO attori (codattore, nome, annonascita, nazionalita) VALUES (111, 'Barbara Jefford', 1930, 'Britannico');

create table film(
    codFilm char(4) primary key, 
    titolo varchar(50),
    annoProduzione int,
    nazionalita varchar(20),
    regista varchar(30),
    genere varchar(40),
    durata integer
);

INSERT INTO film (codfilm, titolo, annoproduzione, nazionalita, regista, genere, durata) VALUES ('AnPl', 'Your Name', 2016, 'Giapponese', 'Makoto Shinkai', 'Animazione', 86);
INSERT INTO film (codfilm, titolo, annoproduzione, nazionalita, regista, genere, durata) VALUES ('AnVr', 'Tre uomini e una gamba', 1997, 'Italiana', 'Massimo Venier', 'Commedia', 122);
INSERT INTO film (codfilm, titolo, annoproduzione, nazionalita, regista, genere, durata) VALUES ('cama', 'Tenet', 2020, 'Statunitense', 'Christopher Nolan', 'Azione', 110);
INSERT INTO film (codfilm, titolo, annoproduzione, nazionalita, regista, genere, durata) VALUES ('Cata', 'Kill Bill: volume 1', 2003, 'Statunitense', 'Quentin Tarantino', 'Drammatico, Azione', 100);
INSERT INTO film (codfilm, titolo, annoproduzione, nazionalita, regista, genere, durata) VALUES ('ChMi', 'Lo Stagista Inaspettato', 2015, 'Statunitense', 'Nancy Meyers', 'Commedia, Drammatico', 114);
INSERT INTO film (codfilm, titolo, annoproduzione, nazionalita, regista, genere, durata) VALUES ('DaCa', 'The Northman', 2022, 'Islandese', 'Robert Eggers', 'Storico, Drammatico', 113);
INSERT INTO film (codfilm, titolo, annoproduzione, nazionalita, regista, genere, durata) VALUES ('DaZa', 'The Snatch', 2000, 'Inglese', 'Guy Ritchie', 'Noir', 119);
INSERT INTO film (codfilm, titolo, annoproduzione, nazionalita, regista, genere, durata) VALUES ('DiMa', 'Diego Maradona', 2019, 'Britannico', 'Asif Kapadia', 'Documentario', 101);
INSERT INTO film (codfilm, titolo, annoproduzione, nazionalita, regista, genere, durata) VALUES ('DoGr', 'Memento', 2000, 'Statunitense', 'Christopher Nolan', 'Thriller', 103);
INSERT INTO film (codfilm, titolo, annoproduzione, nazionalita, regista, genere, durata) VALUES ('ElNv', 'E la nave va', 1983, 'Italiana', 'Federico Fellini', 'Commedia', 150);
INSERT INTO film (codfilm, titolo, annoproduzione, nazionalita, regista, genere, durata) VALUES ('FeSa', 'Fellini Satyricon', 1969, 'Italiana', 'Federico Fellini', 'Drammatico', 140);
INSERT INTO film (codfilm, titolo, annoproduzione, nazionalita, regista, genere, durata) VALUES ('GIBR', 'The Mitchell VS the Machines', 2021, 'Statunitense', 'Mike Rianda, Jeff Rowe', 'Animazione, Commedia, Fantascienza', 135);
INSERT INTO film (codfilm, titolo, annoproduzione, nazionalita, regista, genere, durata) VALUES ('GoDz', 'Godzilla', 2014, 'Giapponese', 'Gareth Edwards', 'Fantascienza', 120);
INSERT INTO film (codfilm, titolo, annoproduzione, nazionalita, regista, genere, durata) VALUES ('InJo', 'Inside Job', 2010, 'Statunitense', 'Charles Ferguson', 'Documentario', 130);
INSERT INTO film (codfilm, titolo, annoproduzione, nazionalita, regista, genere, durata) VALUES ('InSt', 'Inferno nella stratosfera', 1959, 'Giapponese', 'Ishirô Honda', 'Fantascienza', 101);
INSERT INTO film (codfilm, titolo, annoproduzione, nazionalita, regista, genere, durata) VALUES ('LaDo', 'La dolce vita', 1960, 'Italiana', 'Federico Fellini', 'Drammatico', 125);
INSERT INTO film (codfilm, titolo, annoproduzione, nazionalita, regista, genere, durata) VALUES ('Wige', 'Will Hunting - Genio ribelle', 1997, 'Statunitense', 'Gus Van Sant', 'Drammatico', 127);
INSERT INTO film (codfilm, titolo, annoproduzione, nazionalita, regista, genere, durata) VALUES ('AtFu', 'L attimo fuggente', 1989, 'Statunitense', 'Peter Weir', 'Drammatico', 124);
INSERT INTO film (codfilm, titolo, annoproduzione, nazionalita, regista, genere, durata) VALUES ('LIBE', 'Le ali della liberta', 1994, 'Statunitense', 'Frank Darabont', 'Drammatico', 104);
INSERT INTO film (codfilm, titolo, annoproduzione, nazionalita, regista, genere, durata) VALUES ('LoBi', 'Lo sceicco bianco', 1952, 'Italiana', 'Federico Fellini', 'Commedia', 107);
INSERT INTO film (codfilm, titolo, annoproduzione, nazionalita, regista, genere, durata) VALUES ('LoSc', 'Schindler s list', 1994, 'Statunitense', 'Steven Spielberg', 'Guerra, Storico', 109);
INSERT INTO film (codfilm, titolo, annoproduzione, nazionalita, regista, genere, durata) VALUES ('MaBi', 'Inglourious Basterds', 2009, 'Statunitense', 'Quentin Tarantino', 'Guerra', 116);
INSERT INTO film (codfilm, titolo, annoproduzione, nazionalita, regista, genere, durata) VALUES ('SoNo', 'Sotto falso nome', 2004, 'Italiano', 'Roberto Andò', 'Drammatico', 103);
INSERT INTO film (codfilm, titolo, annoproduzione, nazionalita, regista, genere, durata) VALUES ('IlPo', 'Il ponte delle spie', 2015, 'Statunitense', 'Steven Spielberg', 'Drammatico', 125);
INSERT INTO film (codfilm, titolo, annoproduzione, nazionalita, regista, genere, durata) VALUES ('MaMa', 'Star Wars', 1977, 'Statunitense', 'George Lucas', 'Fantascienza, Avventura', 123);
INSERT INTO film (codfilm, titolo, annoproduzione, nazionalita, regista, genere, durata) VALUES ('GiPa', 'Una giornata particolare', 1957, 'Italiana', 'Ettore Scola', 'Drammatico', 135);
INSERT INTO film (codfilm, titolo, annoproduzione, nazionalita, regista, genere, durata) VALUES ('ALBU', 'Titanic', 1997, 'Statunitense', 'James Cameron', 'Romantico, Drammatico', 105);
INSERT INTO film (codfilm, titolo, annoproduzione, nazionalita, regista, genere, durata) VALUES ('ALEL', 'La vita di Pie', 2010, 'Indiano', 'MrNonSo', 'Drammatico', 99);
INSERT INTO film (codfilm, titolo, annoproduzione, nazionalita, regista, genere, durata) VALUES ('MaFr', 'Dogville', 2003, 'Danese', 'Lars von Trier', 'Drammatico', 122);
INSERT INTO film (codfilm, titolo, annoproduzione, nazionalita, regista, genere, durata) VALUES ('Mez8', '8 e mezzo', 1963, 'Italiana', 'Federico Fellini', 'Commedia, Drammatico', 98);
INSERT INTO film (codfilm, titolo, annoproduzione, nazionalita, regista, genere, durata) VALUES ('nisa', 'Il buco', 2019, 'Spagnola', 'Galder Gaztelu-Urrutia', 'Thriller, Drammatico', 86);
INSERT INTO film (codfilm, titolo, annoproduzione, nazionalita, regista, genere, durata) VALUES ('PrOr', 'Prova d orchestra', 1979, 'Italiana', 'Federico Fellini', 'Commedia', 95);
INSERT INTO film (codfilm, titolo, annoproduzione, nazionalita, regista, genere, durata) VALUES ('QuVa', 'Quo vadis', 1951, 'Statunitense', 'Mervyn LeRoy', 'Drammatico', 105);
INSERT INTO film (codfilm, titolo, annoproduzione, nazionalita, regista, genere, durata) VALUES ('ReDo', 'Tron:Legacy', 2010, 'Statunitense', 'Joseph Kosinski', 'Fantascienza, Azione', 101);
INSERT INTO film (codfilm, titolo, annoproduzione, nazionalita, regista, genere, durata) VALUES ('seho', 'Arrival', 2016, 'Statunitense', 'Denis Villeneuve', 'Fantascienza', 129);
INSERT INTO film (codfilm, titolo, annoproduzione, nazionalita, regista, genere, durata) VALUES ('STSI', 'Fight Club', 1999, 'Statunitense', 'David Fincher', 'Drammatico', 128);
INSERT INTO film (codfilm, titolo, annoproduzione, nazionalita, regista, genere, durata) VALUES ('TTm ', 'The Time Machine', 2002, 'Statunitense', 'Simon Wells', 'Fantascienza, Avventura', 114);
INSERT INTO film (codfilm, titolo, annoproduzione, nazionalita, regista, genere, durata) VALUES ('CaBl', 'Casablanca', 1942, 'Statunitense', 'Michael Curtiz', 'Drammatico', 102);
INSERT INTO film (codfilm, titolo, annoproduzione, nazionalita, regista, genere, durata) VALUES ('Ilca', 'Il cantante di jazz', 1952, 'Statunitense', 'Michael Curtiz', 'Drammatico', 107);
INSERT INTO film (codfilm, titolo, annoproduzione, nazionalita, regista, genere, durata) VALUES ('LaHa', 'La Haine', 1988, 'Francese', 'Mathieu Kassovitz', 'Drammatico', 100);
INSERT INTO film (codfilm, titolo, annoproduzione, nazionalita, regista, genere, durata) VALUES ('Prov', 'Tranches de vie', 1985, 'Francese', 'François Leterrier', 'Fantascienza', 100);
INSERT INTO film (codfilm, titolo, annoproduzione, nazionalita, regista, genere, durata) VALUES ('Stra', 'Stargate', 1994, 'Francese', 'Roland Emmerich', 'Fantascienza', 114);

create table sale(
    codSala int primary key,
    posti int,
    nome varchar(20),
    citta varchar(20)
);


INSERT INTO sale (codsala, posti, nome, citta) VALUES (1, 100, 'Antares', 'Roma');
INSERT INTO sale (codsala, posti, nome, citta) VALUES (2, 150, 'Odeon', 'Milano');
INSERT INTO sale (codsala, posti, nome, citta) VALUES (3, 200, 'Svev', 'Torino');
INSERT INTO sale (codsala, posti, nome, citta) VALUES (4, 50, 'Odeon2', 'Milano');
INSERT INTO sale (codsala, posti, nome, citta) VALUES (5, 80, 'Odeon3', 'Milano');
INSERT INTO sale (codsala, posti, nome, citta) VALUES (6, 300, 'Verv', 'Pisa');
INSERT INTO sale (codsala, posti, nome, citta) VALUES (7, 100, 'Perl', 'Pisa');
INSERT INTO sale (codsala, posti, nome, citta) VALUES (8, 50, 'Java', 'Pisa');
INSERT INTO sale (codsala, posti, nome, citta) VALUES (9, 500, 'Space Cinema', 'Pisa');
INSERT INTO sale (codsala, posti, nome, citta) VALUES (10, 400, 'Space', 'Napoli');
INSERT INTO sale (codsala, posti, nome, citta) VALUES (11, 200, 'Space2', 'Napoli');

create table proiezioni(
    codProiezione int primary key,
    codFilm char(4),
    codSala int,
    incasso int,
    dataProiezione Date, /* date '2021-04-21' */
    foreign key (codFilm)
        references film(codFilm),
    foreign key (codSala)
        references sale(codSala)
);
INSERT INTO proiezioni (codproiezione, codfilm, codsala, incasso, dataproiezione) VALUES (104, 'cama', 1, 12122, '2020-03-12');
INSERT INTO proiezioni (codproiezione, codfilm, codsala, incasso, dataproiezione) VALUES (111, 'MaBi', 1, 99999, '2022-05-06');
INSERT INTO proiezioni (codproiezione, codfilm, codsala, incasso, dataproiezione) VALUES (105, 'cama', 2, 13122, '2020-03-13');
INSERT INTO proiezioni (codproiezione, codfilm, codsala, incasso, dataproiezione) VALUES (121, 'nisa', 1, 1000, '2019-05-13');
INSERT INTO proiezioni (codproiezione, codfilm, codsala, incasso, dataproiezione) VALUES (141, 'nisa', 2, 2000, '2019-04-21');
INSERT INTO proiezioni (codproiezione, codfilm, codsala, incasso, dataproiezione) VALUES (291, 'seho', 2, 200, '2016-09-10');
INSERT INTO proiezioni (codproiezione, codfilm, codsala, incasso, dataproiezione) VALUES (116, 'LoSc', 1, 90, '1994-03-04');
INSERT INTO proiezioni (codproiezione, codfilm, codsala, incasso, dataproiezione) VALUES (292, 'seho', 1, 300, '2016-09-16');
INSERT INTO proiezioni (codproiezione, codfilm, codsala, incasso, dataproiezione) VALUES (118, 'AnPl', 3, 567000, '2017-05-14');
INSERT INTO proiezioni (codproiezione, codfilm, codsala, incasso, dataproiezione) VALUES (138, 'AnPl', 2, 1500, '2017-05-15');
INSERT INTO proiezioni (codproiezione, codfilm, codsala, incasso, dataproiezione) VALUES (132, 'ChMi', 1, 75, '2015-08-09');
INSERT INTO proiezioni (codproiezione, codfilm, codsala, incasso, dataproiezione) VALUES (112, 'MaFr', 2, 666, '2004-01-24');
INSERT INTO proiezioni (codproiezione, codfilm, codsala, incasso, dataproiezione) VALUES (136, 'LoSc', 2, 120, '1994-03-04');
INSERT INTO proiezioni (codproiezione, codfilm, codsala, incasso, dataproiezione) VALUES (122, 'ChMi', 3, 75, '2015-08-09');
INSERT INTO proiezioni (codproiezione, codfilm, codsala, incasso, dataproiezione) VALUES (106, 'DoGr', 3, 397000, '2021-05-21');
INSERT INTO proiezioni (codproiezione, codfilm, codsala, incasso, dataproiezione) VALUES (102, 'ReDo', 2, 64000, '2021-06-04');
INSERT INTO proiezioni (codproiezione, codfilm, codsala, incasso, dataproiezione) VALUES (283, 'STSI', 1, 123456, '2015-02-14');
INSERT INTO proiezioni (codproiezione, codfilm, codsala, incasso, dataproiezione) VALUES (115, 'DaZa', 1, 5000, '2000-06-19');
INSERT INTO proiezioni (codproiezione, codfilm, codsala, incasso, dataproiezione) VALUES (113, 'AnVr', 1, 3600, '2022-03-19');
INSERT INTO proiezioni (codproiezione, codfilm, codsala, incasso, dataproiezione) VALUES (143, 'AnVr', 2, 4600, '2022-04-17');
INSERT INTO proiezioni (codproiezione, codfilm, codsala, incasso, dataproiezione) VALUES (285, 'STSI', 3, 654321, '2019-07-12');
INSERT INTO proiezioni (codproiezione, codfilm, codsala, incasso, dataproiezione) VALUES (211, 'MaBi', 2, 88888, '2022-05-05');
INSERT INTO proiezioni (codproiezione, codfilm, codsala, incasso, dataproiezione) VALUES (150, 'MaFr', 6, 25000, '2005-01-15');
INSERT INTO proiezioni (codproiezione, codfilm, codsala, incasso, dataproiezione) VALUES (151, 'DoGr', 7, 10000, '2005-01-12');
INSERT INTO proiezioni (codproiezione, codfilm, codsala, incasso, dataproiezione) VALUES (152, 'DoGr', 6, 5000, '2005-01-17');
INSERT INTO proiezioni (codproiezione, codfilm, codsala, incasso, dataproiezione) VALUES (153, 'DoGr', 6, 10000, '2005-02-05');
INSERT INTO proiezioni (codproiezione, codfilm, codsala, incasso, dataproiezione) VALUES (154, 'MaFr', 7, 15000, '2005-02-15');
INSERT INTO proiezioni (codproiezione, codfilm, codsala, incasso, dataproiezione) VALUES (156, 'ALBU', 7, 5000, '2005-01-08');
INSERT INTO proiezioni (codproiezione, codfilm, codsala, incasso, dataproiezione) VALUES (157, 'MaFr', 8, 24000, '2005-01-07');
INSERT INTO proiezioni (codproiezione, codfilm, codsala, incasso, dataproiezione) VALUES (158, 'DoGr', 8, 20000, '2005-01-20');
INSERT INTO proiezioni (codproiezione, codfilm, codsala, incasso, dataproiezione) VALUES (159, 'ALBU', 8, 15000, '2006-02-01');
INSERT INTO proiezioni (codproiezione, codfilm, codsala, incasso, dataproiezione) VALUES (160, 'DoGr', 9, 6000, '2005-01-25');
INSERT INTO proiezioni (codproiezione, codfilm, codsala, incasso, dataproiezione) VALUES (162, 'ALBU', 9, 20000, '2006-01-20');
INSERT INTO proiezioni (codproiezione, codfilm, codsala, incasso, dataproiezione) VALUES (161, 'MaFr', 9, 18000, '2005-01-10');
INSERT INTO proiezioni (codproiezione, codfilm, codsala, incasso, dataproiezione) VALUES (163, 'TTm ', 9, 15000, '2005-01-26');
INSERT INTO proiezioni (codproiezione, codfilm, codsala, incasso, dataproiezione) VALUES (164, 'LIBE', 7, 2500, '2005-01-18');
INSERT INTO proiezioni (codproiezione, codfilm, codsala, incasso, dataproiezione) VALUES (165, 'LIBE', 9, 10000, '2005-01-23');
INSERT INTO proiezioni (codproiezione, codfilm, codsala, incasso, dataproiezione) VALUES (85, 'MaMa', 1, 46100, '1977-05-25');
INSERT INTO proiezioni (codproiezione, codfilm, codsala, incasso, dataproiezione) VALUES (108, 'ALBU', 3, 80, '2022-05-22');
INSERT INTO proiezioni (codproiezione, codfilm, codsala, incasso, dataproiezione) VALUES (110, 'ALEL', 1, 12300, '2012-01-02');
INSERT INTO proiezioni (codproiezione, codfilm, codsala, incasso, dataproiezione) VALUES (114, 'GIBR', 1, 50000, '2021-10-23');
INSERT INTO proiezioni (codproiezione, codfilm, codsala, incasso, dataproiezione) VALUES (117, 'DaCa', 1, 199999, '2022-05-19');
INSERT INTO proiezioni (codproiezione, codfilm, codsala, incasso, dataproiezione) VALUES (124, 'GIBR', 2, 355000, '2021-10-23');
INSERT INTO proiezioni (codproiezione, codfilm, codsala, incasso, dataproiezione) VALUES (127, 'DaCa', 3, 19999, '2022-05-07');
INSERT INTO proiezioni (codproiezione, codfilm, codsala, incasso, dataproiezione) VALUES (130, 'ALEL', 2, 110034, '2012-01-03');
INSERT INTO proiezioni (codproiezione, codfilm, codsala, incasso, dataproiezione) VALUES (155, 'MaFr', 3, 350, '2004-05-06');
INSERT INTO proiezioni (codproiezione, codfilm, codsala, incasso, dataproiezione) VALUES (119, 'Cata', 1, 350, '2004-12-25');
INSERT INTO proiezioni (codproiezione, codfilm, codsala, incasso, dataproiezione) VALUES (125, 'DaZa', 2, 3000, '2004-12-25');
INSERT INTO proiezioni (codproiezione, codfilm, codsala, incasso, dataproiezione) VALUES (139, 'Wige', 10, 325, '2004-12-25');
INSERT INTO proiezioni (codproiezione, codfilm, codsala, incasso, dataproiezione) VALUES (196, 'AtFu', 10, 1000, '2004-12-25');
INSERT INTO proiezioni (codproiezione, codfilm, codsala, incasso, dataproiezione) VALUES (195, 'MaMa', 10, 2000, '2004-12-25');
INSERT INTO proiezioni (codproiezione, codfilm, codsala, incasso, dataproiezione) VALUES (205, 'MaMa', 11, 3000, '2004-12-25');
INSERT INTO proiezioni (codproiezione, codfilm, codsala, incasso, dataproiezione) VALUES (206, 'AtFu', 11, 2500, '2004-12-25');
INSERT INTO proiezioni (codproiezione, codfilm, codsala, incasso, dataproiezione) VALUES (207, 'LoSc', 7, 200, '2006-05-11');
INSERT INTO proiezioni (codproiezione, codfilm, codsala, incasso, dataproiezione) VALUES (208, 'LoSc', 6, 100, '2006-05-11');
INSERT INTO proiezioni (codproiezione, codfilm, codsala, incasso, dataproiezione) VALUES (209, 'IlPo', 6, 90, '2016-05-25');
INSERT INTO proiezioni (codproiezione, codfilm, codsala, incasso, dataproiezione) VALUES (210, 'IlPo', 8, 80, '2016-05-11');
INSERT INTO proiezioni (codproiezione, codfilm, codsala, incasso, dataproiezione) VALUES (212, 'GIBR', 7, 900, '2020-01-08');
INSERT INTO proiezioni (codproiezione, codfilm, codsala, incasso, dataproiezione) VALUES (213, 'MaMa', 8, 1400, '2020-01-05');

create table recita(
    codAttore int,
    codFilm char(4),
    primary key (codAttore, codFilm),
    foreign key (codAttore)
        references attori(codAttore),
    foreign key (codFilm)
        references film(codFilm)
);


INSERT INTO recita (codattore, codfilm) VALUES (15, 'AnPl');
INSERT INTO recita (codattore, codfilm) VALUES (80, 'AnPl');
INSERT INTO recita (codattore, codfilm) VALUES (100, 'ALEL');
INSERT INTO recita (codattore, codfilm) VALUES (38, 'MaFr');
INSERT INTO recita (codattore, codfilm) VALUES (58, 'MaFr');
INSERT INTO recita (codattore, codfilm) VALUES (59, 'GIBR');
INSERT INTO recita (codattore, codfilm) VALUES (37, 'AnVr');
INSERT INTO recita (codattore, codfilm) VALUES (30, 'ReDo');
INSERT INTO recita (codattore, codfilm) VALUES (32, 'cama');
INSERT INTO recita (codattore, codfilm) VALUES (50, 'ReDo');
INSERT INTO recita (codattore, codfilm) VALUES (57, 'AnVr');
INSERT INTO recita (codattore, codfilm) VALUES (41, 'LoSc');
INSERT INTO recita (codattore, codfilm) VALUES (52, 'cama');
INSERT INTO recita (codattore, codfilm) VALUES (45, 'MaMa');
INSERT INTO recita (codattore, codfilm) VALUES (29, 'seho');
INSERT INTO recita (codattore, codfilm) VALUES (61, 'LoSc');
INSERT INTO recita (codattore, codfilm) VALUES (40, 'DaZa');
INSERT INTO recita (codattore, codfilm) VALUES (31, 'DaZa');
INSERT INTO recita (codattore, codfilm) VALUES (49, 'ChMi');
INSERT INTO recita (codattore, codfilm) VALUES (33, 'DoGr');
INSERT INTO recita (codattore, codfilm) VALUES (101, 'ALEL');
INSERT INTO recita (codattore, codfilm) VALUES (48, 'nisa');
INSERT INTO recita (codattore, codfilm) VALUES (56, 'ChMi');
INSERT INTO recita (codattore, codfilm) VALUES (35, 'ALBU');
INSERT INTO recita (codattore, codfilm) VALUES (53, 'DoGr');
INSERT INTO recita (codattore, codfilm) VALUES (31, 'MaBi');
INSERT INTO recita (codattore, codfilm) VALUES (65, 'MaMa');
INSERT INTO recita (codattore, codfilm) VALUES (39, 'GIBR');
INSERT INTO recita (codattore, codfilm) VALUES (55, 'ALBU');
INSERT INTO recita (codattore, codfilm) VALUES (68, 'nisa');
INSERT INTO recita (codattore, codfilm) VALUES (73, 'Cata');
INSERT INTO recita (codattore, codfilm) VALUES (54, 'STSI');
INSERT INTO recita (codattore, codfilm) VALUES (93, 'Cata');
INSERT INTO recita (codattore, codfilm) VALUES (42, 'DaCa');
INSERT INTO recita (codattore, codfilm) VALUES (62, 'DaCa');
INSERT INTO recita (codattore, codfilm) VALUES (31, 'STSI');
INSERT INTO recita (codattore, codfilm) VALUES (51, 'MaBi');
INSERT INTO recita (codattore, codfilm) VALUES (33, 'TTm ');
INSERT INTO recita (codattore, codfilm) VALUES (52, 'DoGr');
INSERT INTO recita (codattore, codfilm) VALUES (102, 'LIBE');
INSERT INTO recita (codattore, codfilm) VALUES (103, 'LIBE');
INSERT INTO recita (codattore, codfilm) VALUES (104, 'AnVr');
INSERT INTO recita (codattore, codfilm) VALUES (105, 'AnVr');
INSERT INTO recita (codattore, codfilm) VALUES (107, 'Mez8');
INSERT INTO recita (codattore, codfilm) VALUES (107, 'LaDo');
INSERT INTO recita (codattore, codfilm) VALUES (106, 'GiPa');
INSERT INTO recita (codattore, codfilm) VALUES (107, 'GiPa');
INSERT INTO recita (codattore, codfilm) VALUES (106, 'QuVa');
INSERT INTO recita (codattore, codfilm) VALUES (108, 'FeSa');
INSERT INTO recita (codattore, codfilm) VALUES (109, 'FeSa');
INSERT INTO recita (codattore, codfilm) VALUES (110, 'ElNv');
INSERT INTO recita (codattore, codfilm) VALUES (111, 'ElNv');
INSERT INTO recita (codattore, codfilm) VALUES (112, 'PrOr');
INSERT INTO recita (codattore, codfilm) VALUES (107, 'LoBi');
INSERT INTO recita (codattore, codfilm) VALUES (111, 'LoBi');
INSERT INTO recita (codattore, codfilm) VALUES (113, 'LoBi');
INSERT INTO recita (codattore, codfilm) VALUES (114, 'LoBi');
INSERT INTO recita (codattore, codfilm) VALUES (115, 'Wige');
INSERT INTO recita (codattore, codfilm) VALUES (115, 'AtFu');
INSERT INTO recita (codattore, codfilm) VALUES (116, 'LaHa');
INSERT INTO recita (codattore, codfilm) VALUES (117, 'LaHa');
INSERT INTO recita (codattore, codfilm) VALUES (118, 'SoNo');